{
  "accuracy": 0.868421052631579,
  "precision": 0.9090909090909091,
  "recall": 0.8695652173913043,
  "f1": 0.8888888888888888,
  "roc_auc": 0.9391304347826087,
  "threshold": 0.5,
  "confusion_matrix": [[13, 2], [3, 20]]
}
