{
  "accuracy": 0.7692307692307693,
  "confusion_matrix": [
    [
      11,
      4
    ],
    [
      5,
      19
    ]
  ],
  "f1": 0.8085106382978723,
  "precision": 0.8260869565217391,
  "recall": 0.7916666666666666,
  "roc_auc": 0.8833333333333334,
  "threshold": 0.5
}